"Authors","Author full names","Author(s) ID","Title","Source title","DOI","Link","Document Type","Publication Stage","Open Access","Source"
"Epifanio C.; Gabriele A.; Giancarlo R.; Sciortino M.","Epifanio, Chiara (9238405000); Gabriele, Alessandra (22734302100); Giancarlo, Raffaele (6701744681); Sciortino, Marinella (6602723375)","9238405000; 22734302100; 6701744681; 6602723375","Novel Combinatorial and Information-Theoretic Alignment-Free Distances for Biological Data Mining","Algorithms in Computational Molecular Biology: Techniques, Approaches and Applications","10.1002/9780470892107.ch16","https://www.scopus.com/inward/record.uri?eid=2-s2.0-84885963428&doi=10.1002%2f9780470892107.ch16&partnerID=40&md5=a01cb1a0f2d06bc460177fba5dde9eaf","Book chapter","Final","","Scopus"
"Giancarlo R.; Hannenhalli S.","Giancarlo, Raffaele (6701744681); Hannenhalli, Sridhar (6603889650)","6701744681; 6603889650","Lecture Notes in Computer Science (including subseries Lecture Notes in Artificial Intelligence and Lecture Notes in Bioinformatics): Preface","Lecture Notes in Computer Science (including subseries Lecture Notes in Artificial Intelligence and Lecture Notes in Bioinformatics)","","https://www.scopus.com/inward/record.uri?eid=2-s2.0-37249059329&partnerID=40&md5=c59b2bc40e8cc85a27256501b2366fe0","Editorial","Final","","Scopus"
"Giancarlo R.; Sankoff D.","Giancarlo, Raffaele (6701744681); Sankoff, David (7005157532)","6701744681; 7005157532","Foreword","Lecture Notes in Computer Science (including subseries Lecture Notes in Artificial Intelligence and Lecture Notes in Bioinformatics)","","https://www.scopus.com/inward/record.uri?eid=2-s2.0-84937459850&partnerID=40&md5=98b89c6e1308d8faaac18286a9a84477","Editorial","Final","","Scopus"
"Giancarlo R.; Grossi R.","Giancarlo, Raffaele (6701744681); Grossi, Roberto (7006460765)","6701744681; 7006460765","On the Construction of Classes of Suffix Trees for Square Matrices: Algorithms and Applications","Information and Computation","10.1006/inco.1996.0087","https://www.scopus.com/inward/record.uri?eid=2-s2.0-0002070488&doi=10.1006%2finco.1996.0087&partnerID=40&md5=005b18fb8bf32ec11cc70c5e75acbeaf","Article","Final","All Open Access; Bronze Open Access","Scopus"
"Giancarlo R.; Greco D.; Landolina F.; Rombo S.E.","Giancarlo, Raffaele (6701744681); Greco, Daniele (57219032635); Landolina, Francesco (57212447346); Rombo, Simona E. (23095770200)","6701744681; 57219032635; 57212447346; 23095770200","Network centralities and node ranking","Encyclopedia of Bioinformatics and Computational Biology: ABC of Bioinformatics","10.1016/B978-0-12-809633-8.20425-1","https://www.scopus.com/inward/record.uri?eid=2-s2.0-85079756646&doi=10.1016%2fB978-0-12-809633-8.20425-1&partnerID=40&md5=f07e97c1fda02227de49b062b80033ce","Book chapter","Final","","Scopus"
"Giancarlo R.; Manzini G.","Giancarlo, Raffaele (6701744681); Manzini, Giovanni (7006881259)","6701744681; 7006881259","Foreword","Theoretical Computer Science","10.1016/j.tcs.2012.12.022","https://www.scopus.com/inward/record.uri?eid=2-s2.0-84876410637&doi=10.1016%2fj.tcs.2012.12.022&partnerID=40&md5=23d2b382f2aee3b2a93f9d91d16579c4","Editorial","Final","All Open Access; Bronze Open Access","Scopus"
"Giancarlo R.; Lo Bosco G.; Pinello L.; Utro F.","Giancarlo, R. (6701744681); Lo Bosco, G. (6508221706); Pinello, L. (23393754100); Utro, F. (23098849400)","6701744681; 6508221706; 23393754100; 23098849400","The three steps of clustering in the post-genomic era: A synopsis","Lecture Notes in Computer Science (including subseries Lecture Notes in Artificial Intelligence and Lecture Notes in Bioinformatics)","10.1007/978-3-642-21946-7_2","https://www.scopus.com/inward/record.uri?eid=2-s2.0-80051674227&doi=10.1007%2f978-3-642-21946-7_2&partnerID=40&md5=773dbcea6b8f3b289acd1689f49c6d11","Conference paper","Final","","Scopus"
"Giancarlo R.; Rombo S.E.; Utro F.","Giancarlo, Raffaele (6701744681); Rombo, Simona E. (23095770200); Utro, Filippo (23098849400)","6701744681; 23095770200; 23098849400","In vitro versus in vivo compositional landscapes of histone sequence preferences in eucaryotic genomes","Bioinformatics","10.1093/bioinformatics/bty799","https://www.scopus.com/inward/record.uri?eid=2-s2.0-85054889835&doi=10.1093%2fbioinformatics%2fbty799&partnerID=40&md5=7a0f6e562f83abd4f3d2cc16b4e14771","Article","Final","All Open Access; Bronze Open Access; Green Open Access","Scopus"
"Giancarlo R.; Scaturro D.; Utro F.","Giancarlo, R. (6701744681); Scaturro, D. (10139044600); Utro, F. (23098849400)","6701744681; 10139044600; 23098849400","Textual data compression in computational biology: Algorithmic techniques","Computer Science Review","10.1016/j.cosrev.2011.11.001","https://www.scopus.com/inward/record.uri?eid=2-s2.0-84856608719&doi=10.1016%2fj.cosrev.2011.11.001&partnerID=40&md5=c5023cdb6560ca31940b7af968a89f01","Review","Final","","Scopus"
"Ferraro Petrillo U.; Sorella M.; Cattaneo G.; Giancarlo R.; Rombo S.E.","Ferraro Petrillo, Umberto (57202363440); Sorella, Mara (55844407500); Cattaneo, Giuseppe (7103222430); Giancarlo, Raffaele (6701744681); Rombo, Simona E. (23095770200)","57202363440; 55844407500; 7103222430; 6701744681; 23095770200","Analyzing big datasets of genomic sequences: Fast and scalable collection of k-mer statistics","BMC Bioinformatics","10.1186/s12859-019-2694-8","https://www.scopus.com/inward/record.uri?eid=2-s2.0-85064447181&doi=10.1186%2fs12859-019-2694-8&partnerID=40&md5=85332648d552c0f3dd11eb9ee3068a28","Article","Final","All Open Access; Gold Open Access; Green Open Access","Scopus"
"Sala A.; Toto M.; Pinello L.; Gabriele A.; Di Benedetto V.; Ingrassia A.M.R.; Lo Bosco G.; Di Gesá V.; Giancarlo R.; Corona D.F.V.","Sala, Anna (36785025300); Toto, Maria (43761769200); Pinello, Luca (23393754100); Gabriele, Alessandra (22734302100); Di Benedetto, Valeria (43761039200); Ingrassia, Antonia M. R. (36913735800); Lo Bosco, Giosuã̈ (6508221706); Di Gesá, Vito (37115181600); Giancarlo, Raffaele (6701744681); Corona, Davide F. V. (7003644087)","36785025300; 43761769200; 23393754100; 22734302100; 43761039200; 36913735800; 6508221706; 37115181600; 6701744681; 7003644087","Genome-wide characterization of chromatin binding and nucleosome spacing activity of the nucleosome remodelling ATPase ISWI","EMBO Journal","10.1038/emboj.2011.98","https://www.scopus.com/inward/record.uri?eid=2-s2.0-79955598852&doi=10.1038%2femboj.2011.98&partnerID=40&md5=a0b70042e5a2ae4d7a101d01212f1ee0","Article","Final","All Open Access; Green Open Access","Scopus"
"Ferraro Petrillo U.; Palini F.; Cattaneo G.; Giancarlo R.","Ferraro Petrillo, Umberto (57350122100); Palini, Francesco (57207457450); Cattaneo, Giuseppe (7103222430); Giancarlo, Raffaele (6701744681)","57350122100; 57207457450; 7103222430; 6701744681","Correction to: FASTA/Q data compressors for MapReduce-Hadoop genomics: space and time savings made easy (BMC Bioinformatics, (2021), 22, 1, (144), 10.1186/s12859-021-04063-1)","BMC Bioinformatics","10.1186/s12859-022-04600-6","https://www.scopus.com/inward/record.uri?eid=2-s2.0-85124679634&doi=10.1186%2fs12859-022-04600-6&partnerID=40&md5=0e8af905296873add19ba2c1a04a2d5c","Erratum","Final","All Open Access; Gold Open Access; Green Open Access","Scopus"
"Petrillo U.F.; Roscigno G.; Cattaneo G.; Giancarlo R.","Petrillo, Umberto Ferraro (57202363440); Roscigno, Gianluca (56165362000); Cattaneo, Giuseppe (7103222430); Giancarlo, Raffaele (6701744681)","57202363440; 56165362000; 7103222430; 6701744681","FASTdoop: A versatile and efficient library for the input of FASTA and FASTQ files for MapReduce Hadoop bioinformatics applications","Bioinformatics","10.1093/bioinformatics/btx010","https://www.scopus.com/inward/record.uri?eid=2-s2.0-85018691676&doi=10.1093%2fbioinformatics%2fbtx010&partnerID=40&md5=4d60678f9fe1dd0734c8163c586f04c9","Article","Final","All Open Access; Bronze Open Access; Green Open Access","Scopus"
"Giancarlo R.; Scaturro D.; Utro F.","Giancarlo, Raffaele (6701744681); Scaturro, Davide (10139044600); Utro, Filippo (23098849400)","6701744681; 10139044600; 23098849400","A tutorial on computational cluster analysis with applications to pattern discovery in microarray data","Mathematics in Computer Science","10.1007/s11786-007-0025-3","https://www.scopus.com/inward/record.uri?eid=2-s2.0-58549112770&doi=10.1007%2fs11786-007-0025-3&partnerID=40&md5=fa12e98ecbb89668f108222b1d0fd268","Article","Final","","Scopus"
"Giancarlo R.; Siragusa A.; Siragusa E.; Utro F.","Giancarlo, Raffaele (6701744681); Siragusa, Alessandro (57225281159); Siragusa, Enrico (23098478300); Utro, Filippo (23098849400)","6701744681; 57225281159; 23098478300; 23098849400","A basic analysis toolkit for biological sequences","Algorithms for Molecular Biology","10.1186/1748-7188-2-10","https://www.scopus.com/inward/record.uri?eid=2-s2.0-37448999309&doi=10.1186%2f1748-7188-2-10&partnerID=40&md5=af153cbbf782b9599db9881f7132d98e","Article","Final","All Open Access; Gold Open Access; Green Open Access","Scopus"
"Giancarlo R.; Scaturro D.; Utro F.","Giancarlo, Raffaele (6701744681); Scaturro, Davide (10139044600); Utro, Filippo (23098849400)","6701744681; 10139044600; 23098849400","Textual data compression in computational biology: A synopsis","Bioinformatics","10.1093/bioinformatics/btp117","https://www.scopus.com/inward/record.uri?eid=2-s2.0-67649170975&doi=10.1093%2fbioinformatics%2fbtp117&partnerID=40&md5=eb88a3abf13fc215651d5e332146863b","Review","Final","All Open Access; Bronze Open Access","Scopus"
"Giancarlo R.; Manzini G.; Restivo A.; Rosone G.; Sciortino M.","Giancarlo, Raffaele (6701744681); Manzini, Giovanni (7006881259); Restivo, Antonio (7004102790); Rosone, Giovanna (6507452804); Sciortino, Marinella (6602723375)","6701744681; 7006881259; 7004102790; 6507452804; 6602723375","The Alternating BWT: An algorithmic perspective","Theoretical Computer Science","10.1016/j.tcs.2019.11.002","https://www.scopus.com/inward/record.uri?eid=2-s2.0-85075496273&doi=10.1016%2fj.tcs.2019.11.002&partnerID=40&md5=aa8cacbea2d057d82927371de6bd4c0b","Article","Final","All Open Access; Green Open Access","Scopus"
"Giancarlo R.; Restivo A.; Sciortino M.","Giancarlo, R. (6701744681); Restivo, A. (7004102790); Sciortino, M. (6602723375)","6701744681; 7004102790; 6602723375","From first principles to the Burrows and Wheeler transform and beyond, via combinatorial optimization","Theoretical Computer Science","10.1016/j.tcs.2007.07.019","https://www.scopus.com/inward/record.uri?eid=2-s2.0-35448978711&doi=10.1016%2fj.tcs.2007.07.019&partnerID=40&md5=40bd6e25caea3615d1304c1b3f8e9981","Article","Final","All Open Access; Bronze Open Access; Green Open Access","Scopus"
"Cattaneo G.; Petrillo U.F.; Giancarlo R.; Roscigno G.","Cattaneo, Giuseppe (7103222430); Petrillo, Umberto Ferraro (57202363440); Giancarlo, Raffaele (6701744681); Roscigno, Gianluca (56165362000)","7103222430; 57202363440; 6701744681; 56165362000","An effective extension of the applicability of alignment-free biological sequence comparison algorithms with Hadoop","Journal of Supercomputing","10.1007/s11227-016-1835-3","https://www.scopus.com/inward/record.uri?eid=2-s2.0-84981186252&doi=10.1007%2fs11227-016-1835-3&partnerID=40&md5=2ecba1fd20efb56a5aea9f63f23bf402","Article","Final","All Open Access; Green Open Access","Scopus"
"Giancarlo Raffaele","Giancarlo, Raffaele (6701744681)","6701744681","Generalization of the suffix tree to square matrices, with applications","SIAM Journal on Computing","10.1137/S0097539792231982","https://www.scopus.com/inward/record.uri?eid=2-s2.0-0029324950&doi=10.1137%2fS0097539792231982&partnerID=40&md5=721cb0e1b2a86f14a2ba5531c861bcee","Article","Final","","Scopus"
"Cattaneo G.; Giancarlo R.; Petrillo U.F.; Roscigno G.","Cattaneo, Giuseppe (7103222430); Giancarlo, Raffaele (6701744681); Petrillo, Umberto Ferraro (57202363440); Roscigno, Gianluca (56165362000)","7103222430; 6701744681; 57202363440; 56165362000","Mapreduce in computational biology via hadoop and spark","Encyclopedia of Bioinformatics and Computational Biology: ABC of Bioinformatics","10.1016/B978-0-12-809633-8.20371-3","https://www.scopus.com/inward/record.uri?eid=2-s2.0-85079754334&doi=10.1016%2fB978-0-12-809633-8.20371-3&partnerID=40&md5=441d6514f45eb173cddca03d5307944c","Book chapter","Final","","Scopus"
"Giancarlo R.; Mantaci S.","Giancarlo, Raffaele (6701744681); Mantaci, Sabrina (7801635449)","6701744681; 7801635449","Contributi delle Scienze Matematiche ed Informatiche al sequenziamento genomico su larga scala","Bollettino della Unione Matematica Italiana A","","https://www.scopus.com/inward/record.uri?eid=2-s2.0-0041689599&partnerID=40&md5=92604a68b35e5fe823c4f839908f061a","Article","Final","","Scopus"
"Na J.C.; Giancarlo R.; Park K.","Na, Joong Chae (7103258610); Giancarlo, Raffaele (6701744681); Park, Kunsoo (55634915800)","7103258610; 6701744681; 55634915800","On-line construction of two-dimensional suffix trees in O(n 2 log n) time","Algorithmica (New York)","10.1007/s00453-007-0063-x","https://www.scopus.com/inward/record.uri?eid=2-s2.0-34250195369&doi=10.1007%2fs00453-007-0063-x&partnerID=40&md5=5dc73399dd96f4a2fc40200b92b70491","Article","Final","","Scopus"
"Na J.C.; Giancarlo R.; Park K.","Na, Joong Chae (7103258610); Giancarlo, Raffaele (6701744681); Park, Kunsoo (55634915800)","7103258610; 6701744681; 55634915800","O (n2 log n) time on-line construction of two-dimensional suffix trees","Lecture Notes in Computer Science","10.1007/11533719_29","https://www.scopus.com/inward/record.uri?eid=2-s2.0-26844502859&doi=10.1007%2f11533719_29&partnerID=40&md5=0d3d420efa7eeb0ede34e13f12ce168d","Conference paper","Final","","Scopus"
"Giancarlo R.; Manzini G.; Restivo A.; Rosone G.; Sciortino M.","Giancarlo, Raffaele (6701744681); Manzini, Giovanni (7006881259); Restivo, Antonio (7004102790); Rosone, Giovanna (6507452804); Sciortino, Marinella (6602723375)","6701744681; 7006881259; 7004102790; 6507452804; 6602723375","A new class of string transformations for compressed text indexing","Information and Computation","10.1016/j.ic.2023.105068","https://www.scopus.com/inward/record.uri?eid=2-s2.0-85166297995&doi=10.1016%2fj.ic.2023.105068&partnerID=40&md5=581636fd39e4c5e55a9fe8768f80c056","Article","Final","All Open Access; Green Open Access; Hybrid Gold Open Access","Scopus"
"Giancarlo R.; Grossi R.","Giancarlo, Raffaele (6701744681); Grossi, Roberto (7006460765)","6701744681; 7006460765","Multi-dimensional pattern matching with dimensional wildcards","Lecture Notes in Computer Science (including subseries Lecture Notes in Artificial Intelligence and Lecture Notes in Bioinformatics)","10.1007/3-540-60044-2_37","https://www.scopus.com/inward/record.uri?eid=2-s2.0-84957900595&doi=10.1007%2f3-540-60044-2_37&partnerID=40&md5=6ab74964b2ee143605c0c80854d53d42","Conference paper","Final","","Scopus"
"Giancarlo R.; Rombo S.E.; Utro F.","Giancarlo, Raffaele (6701744681); Rombo, Simona E. (23095770200); Utro, Filippo (23098849400)","6701744681; 23095770200; 23098849400","Compressive biological sequence analysis and archival in the era of high-throughput sequencing technologies","Briefings in Bioinformatics","10.1093/bib/bbt088","https://www.scopus.com/inward/record.uri?eid=2-s2.0-84900799223&doi=10.1093%2fbib%2fbbt088&partnerID=40&md5=9fad16f06643388a01a2e2c8610c11c0","Article","Final","All Open Access; Bronze Open Access","Scopus"
"Ferraro Petrillo U.; Roscigno G.; Cattaneo G.; Giancarlo R.","Ferraro Petrillo, Umberto (57202363440); Roscigno, Gianluca (56165362000); Cattaneo, Giuseppe (7103222430); Giancarlo, Raffaele (6701744681)","57202363440; 56165362000; 7103222430; 6701744681","Informational and linguistic analysis of large genomic sequence collections via efficient Hadoop cluster algorithms","Bioinformatics","10.1093/bioinformatics/bty018","https://www.scopus.com/inward/record.uri?eid=2-s2.0-85048058070&doi=10.1093%2fbioinformatics%2fbty018&partnerID=40&md5=ba7a8acada4f4ccf2ac87eef6069b7cf","Article","Final","All Open Access; Bronze Open Access","Scopus"
"Corona D.; Di Benedetto V.; Gabriele A.; Giancarlo R.; Utro F.","Corona, Davide (7003644087); Di Benedetto, Valeria (43761039200); Gabriele, Alessandra (22734302100); Giancarlo, Raffaele (6701744681); Utro, Filippo (23098849400)","7003644087; 43761039200; 22734302100; 6701744681; 23098849400","Functional Information, Biomolecular Messages and Complexity of BioSequences and Structures (Extended Abstract)","Dagstuhl Seminar Proceedings","","https://www.scopus.com/inward/record.uri?eid=2-s2.0-85174851225&partnerID=40&md5=5b6282486dc8e03c27070f024514fedf","Conference paper","Final","","Scopus"
"Fumagalli G.; Raimondi D.; Giancarlo R.; Malchiodi D.; Frasca M.","Fumagalli, Giacomo (57386091600); Raimondi, Davide (57386459700); Giancarlo, Raffaele (6701744681); Malchiodi, Dario (57188666059); Frasca, Marco (36835331200)","57386091600; 57386459700; 6701744681; 57188666059; 36835331200","On the Choice of General Purpose Classifiers in Learned Bloom Filters: An Initial Analysis Within Basic Filters","International Conference on Pattern Recognition Applications and Methods","10.5220/0010889000003122","https://www.scopus.com/inward/record.uri?eid=2-s2.0-85128058807&doi=10.5220%2f0010889000003122&partnerID=40&md5=7f6135e16cc106342153e5acf7d7dcf2","Conference paper","Final","All Open Access; Green Open Access; Hybrid Gold Open Access","Scopus"
"Giancarlo R.; Lo Bosco G.; Utro F.","Giancarlo, Raffaele (6701744681); Lo Bosco, Giosué (6508221706); Utro, Filippo (23098849400)","6701744681; 6508221706; 23098849400","Bayesian versus data driven model selection for microarray data","Natural Computing","10.1007/s11047-014-9446-5","https://www.scopus.com/inward/record.uri?eid=2-s2.0-84939650931&doi=10.1007%2fs11047-014-9446-5&partnerID=40&md5=2de119c9a9891e52d17fdb1e457c98af","Article","Final","All Open Access; Green Open Access","Scopus"
"Amato D.; Giancarlo R.; Lo Bosco G.","Amato, Domenico (57215858560); Giancarlo, Raffaele (6701744681); Lo Bosco, Giosué (6508221706)","57215858560; 6701744681; 6508221706","Learned Sorted Table Search and Static Indexes in Small-Space Data Models †","Data","10.3390/data8030056","https://www.scopus.com/inward/record.uri?eid=2-s2.0-85151058686&doi=10.3390%2fdata8030056&partnerID=40&md5=25b8367557ce5f53cfa7c39b995decd7","Article","Final","All Open Access; Gold Open Access; Green Open Access","Scopus"
"Cattaneo G.; Petrillo U.F.; Giancarlo R.; Palini F.; Romualdi C.","Cattaneo, Giuseppe (7103222430); Petrillo, Umberto Ferraro (57202363440); Giancarlo, Raffaele (6701744681); Palini, Francesco (57207457450); Romualdi, Chiara (6603436436)","7103222430; 57202363440; 6701744681; 57207457450; 6603436436","The power of word-frequency-based alignment-free functions: a comprehensive large-scale experimental analysis","Bioinformatics","10.1093/bioinformatics/btab747","https://www.scopus.com/inward/record.uri?eid=2-s2.0-85130453767&doi=10.1093%2fbioinformatics%2fbtab747&partnerID=40&md5=30c83e3e965855b2b067bead51a33cc3","Article","Final","All Open Access; Green Open Access","Scopus"
"Cattaneo G.; Petrillo U.F.; Giancarlo R.; Roscigno G.","Cattaneo, Giuseppe (7103222430); Petrillo, Umberto Ferraro (57202363440); Giancarlo, Raffaele (6701744681); Roscigno, Gianluca (56165362000)","7103222430; 57202363440; 6701744681; 56165362000","Alignment-Free Sequence Comparison over Hadoop for Computational Biology","Proceedings of the International Conference on Parallel Processing Workshops","10.1109/ICPPW.2015.28","https://www.scopus.com/inward/record.uri?eid=2-s2.0-84954540023&doi=10.1109%2fICPPW.2015.28&partnerID=40&md5=96bb26f75639de30de6131e36bcb8ea0","Conference paper","Final","","Scopus"
"Cossentino M.; Nogare D.D.; Giancarlo R.; Lodato C.; Lopes S.; Ribino P.; Sabatucci L.; Seidita V.","Cossentino, Massimo (8681740500); Nogare, Daniele Dalle (56460178600); Giancarlo, Raffaele (6701744681); Lodato, Carmelo (25123054300); Lopes, Salvatore (7006796409); Ribino, Patrizia (23393633000); Sabatucci, Luca (13104278400); Seidita, Valeria (8301721000)","8681740500; 56460178600; 6701744681; 25123054300; 7006796409; 23393633000; 13104278400; 8301721000","Gimt: A tool for ontology and goal modeling in BDI multi-agent design","CEUR Workshop Proceedings","","https://www.scopus.com/inward/record.uri?eid=2-s2.0-84919754074&partnerID=40&md5=123cc36ac6585f44bde50428fdb12523","Conference paper","Final","","Scopus"
"Giancarlo R.; Utro F.","Giancarlo, R. (6701744681); Utro, F. (23098849400)","6701744681; 23098849400","Algorithmic paradigms for stability-based cluster validity and model selection statistical methods, with applications to microarray data analysis","Theoretical Computer Science","10.1016/j.tcs.2012.01.024","https://www.scopus.com/inward/record.uri?eid=2-s2.0-84858292285&doi=10.1016%2fj.tcs.2012.01.024&partnerID=40&md5=e9cf1f8c0bda11330301577daae6d41b","Article","Final","All Open Access; Bronze Open Access","Scopus"
"Giancarlo R.; Mignosi F.","Giancarlo, R. (6701744681); Mignosi, F. (6701576008)","6701744681; 6701576008","Generalizations of the periodicity theorem of Fine and Wilf","Lecture Notes in Computer Science (including subseries Lecture Notes in Artificial Intelligence and Lecture Notes in Bioinformatics)","10.1007/bfb0017478","https://www.scopus.com/inward/record.uri?eid=2-s2.0-85010951233&doi=10.1007%2fbfb0017478&partnerID=40&md5=6ee18e512be6f1f865f8fec6893f5f29","Conference paper","Final","","Scopus"
"Buchsbaum A.L.; Giancarlo R.; Racz B.","Buchsbaum, A.L. (6603936771); Giancarlo, R. (6701744681); Racz, B. (22433393900)","6603936771; 6701744681; 22433393900","New results for finding common neighborhoods in massive graphs in the data stream model","Theoretical Computer Science","10.1016/j.tcs.2008.06.056","https://www.scopus.com/inward/record.uri?eid=2-s2.0-53249093715&doi=10.1016%2fj.tcs.2008.06.056&partnerID=40&md5=571660abfe7f83c440c7a6a2f012bb59","Article","Final","","Scopus"
"Buchsbaum A.L.; Fowler G.S.; Giancarlo R.","Buchsbaum, Adam L. (6603936771); Fowler, Glenn S. (55031435400); Giancarlo, Raffaele (6701744681)","6603936771; 55031435400; 6701744681","Improving table compression with combinatorial optimization","Proceedings of the Annual ACM-SIAM Symposium on Discrete Algorithms","","https://www.scopus.com/inward/record.uri?eid=2-s2.0-84968812998&partnerID=40&md5=f076b24cf718254432f05f9867fdd2e0","Conference paper","Final","","Scopus"
"Amato D.; Lo Bosco G.; Giancarlo R.","Amato, Domenico (57215858560); Lo Bosco, Giosué (6508221706); Giancarlo, Raffaele (6701744681)","57215858560; 6508221706; 6701744681","Standard versus uniform binary search and their variants in learned static indexing: The case of the searching on sorted data benchmarking software platform","Software - Practice and Experience","10.1002/spe.3150","https://www.scopus.com/inward/record.uri?eid=2-s2.0-85137798738&doi=10.1002%2fspe.3150&partnerID=40&md5=928489a7c1289d617aad052b4f22d7b2","Article","Final","All Open Access; Green Open Access; Hybrid Gold Open Access","Scopus"
"Amato D.; Lo Bosco G.; Giancarlo R.","Amato, Domenico (57215858560); Lo Bosco, Giosué (6508221706); Giancarlo, Raffaele (6701744681)","57215858560; 6508221706; 6701744681","Correction to: Neural networks as building blocks for the design of efficient learned indexes (Neural Computing and Applications, (2023), 35, 29, (21399-21414), 10.1007/s00521-023-08841-1)","Neural Computing and Applications","10.1007/s00521-023-09079-7","https://www.scopus.com/inward/record.uri?eid=2-s2.0-85174850130&doi=10.1007%2fs00521-023-09079-7&partnerID=40&md5=c6764dd22a118a792f22d682c64c9c7c","Erratum","Article in press","All Open Access; Hybrid Gold Open Access","Scopus"
"Giancarlo R.; Grossi R.","Giancarlo, Raffaele (6701744681); Grossi, Roberto (7006460765)","6701744681; 7006460765","On the construction of classes of suffix trees for square matrices: Algorithms and applications","Lecture Notes in Computer Science (including subseries Lecture Notes in Artificial Intelligence and Lecture Notes in Bioinformatics)","10.1007/3-540-60084-1_67","https://www.scopus.com/inward/record.uri?eid=2-s2.0-84958058232&doi=10.1007%2f3-540-60084-1_67&partnerID=40&md5=10525d0c5f5d8bf54f7648ad284de84d","Conference paper","Final","","Scopus"
"Giancarlo R.; Lo Bosco G.; Pinello L.; Utro F.","Giancarlo, Raffaele (6701744681); Lo Bosco, Giosué (6508221706); Pinello, Luca (23393754100); Utro, Filippo (23098849400)","6701744681; 6508221706; 23393754100; 23098849400","A methodology to assess the intrinsic discriminative ability of a distance function and its interplay with clustering algorithms for microarray data analysis","BMC Bioinformatics","10.1186/1471-2105-14-S1-S6","https://www.scopus.com/inward/record.uri?eid=2-s2.0-84872406509&doi=10.1186%2f1471-2105-14-S1-S6&partnerID=40&md5=68fead33eb5eb49e2c7bc1e6a0c7a3fa","Article","Final","All Open Access; Gold Open Access; Green Open Access","Scopus"
"Ferragina P.; Giancarlo R.; Manzini G.","Ferragina, Paolo (57207430236); Giancarlo, Raffaele (6701744681); Manzini, Giovanni (7006881259)","57207430236; 6701744681; 7006881259","The myriad virtues of Wavelet Trees","Information and Computation","10.1016/j.ic.2008.12.010","https://www.scopus.com/inward/record.uri?eid=2-s2.0-67349112389&doi=10.1016%2fj.ic.2008.12.010&partnerID=40&md5=a3b1911ba311405c355e28f269beb313","Article","Final","All Open Access; Green Open Access","Scopus"
"Buchsbaum A.L.; Fowler G.S.; Giancarlo R.","Buchsbaum, Adam L. (6603936771); Fowler, Glenn S. (55031435400); Giancarlo, Raffaele (6701744681)","6603936771; 55031435400; 6701744681","Improving table compression with combinatorial optimization","Journal of the ACM","10.1145/950620.950622","https://www.scopus.com/inward/record.uri?eid=2-s2.0-4243175869&doi=10.1145%2f950620.950622&partnerID=40&md5=2f3f5381bf0334be5778ca192670e623","Article","Final","All Open Access; Green Open Access","Scopus"
"Buchsbaum A.L.; Giancarlo R.","Buchsbaum, Adam L. (6603936771); Giancarlo, Raffaele (6701744681)","6603936771; 6701744681","Algorithmic Aspects in Speech Recognition: An Introduction","ACM Journal of Experimental Algorithmics","10.1145/264216.264219","https://www.scopus.com/inward/record.uri?eid=2-s2.0-84988951426&doi=10.1145%2f264216.264219&partnerID=40&md5=37a5648a52867b6b223d23549b78c33d","Article","Final","","Scopus"
"Giancarlo R.; Lo Bosco G.; Pinello L.","Giancarlo, Raffaele (6701744681); Lo Bosco, Giosuè (6508221706); Pinello, Luca (23393754100)","6701744681; 6508221706; 23393754100","Distance functions, clustering algorithms and microarray data analysis","Lecture Notes in Computer Science (including subseries Lecture Notes in Artificial Intelligence and Lecture Notes in Bioinformatics)","10.1007/978-3-642-13800-3_10","https://www.scopus.com/inward/record.uri?eid=2-s2.0-77954619865&doi=10.1007%2f978-3-642-13800-3_10&partnerID=40&md5=73624b4c3c2a0e8752d4f59fefdbe073","Conference paper","Final","","Scopus"
"Giancarlo R.; Utro F.","Giancarlo, Raffaele (6701744681); Utro, Filippo (23098849400)","6701744681; 23098849400","Computation cluster validation in the big data era","Encyclopedia of Bioinformatics and Computational Biology: ABC of Bioinformatics","10.1016/B978-0-12-809633-8.20385-3","https://www.scopus.com/inward/record.uri?eid=2-s2.0-85079786488&doi=10.1016%2fB978-0-12-809633-8.20385-3&partnerID=40&md5=d229f97cfea1ee9e3a1e3b4bd4b908f1","Book chapter","Final","","Scopus"
"Amato D.; Lo Bosco G.; Giancarlo R.","Amato, Domenico (57215858560); Lo Bosco, Giosué (6508221706); Giancarlo, Raffaele (6701744681)","57215858560; 6508221706; 6701744681","Learned Sorted Table Search and Static Indexes in Small Model Space","Lecture Notes in Computer Science (including subseries Lecture Notes in Artificial Intelligence and Lecture Notes in Bioinformatics)","10.1007/978-3-031-08421-8_32","https://www.scopus.com/inward/record.uri?eid=2-s2.0-85135086611&doi=10.1007%2f978-3-031-08421-8_32&partnerID=40&md5=931253e8193742c05299348028e97969","Conference paper","Final","All Open Access; Green Open Access","Scopus"
"Gustavo R.-N.; Noel U.-S.; Giancarlo R.","Gustavo, Richmond-Navarro (57195366335); Noel, Urena-Sandi (57203094393); Giancarlo, Rodriguez (57203089952)","57195366335; 57203094393; 57203089952","High correlation models for small scale Magnus wind turbines","5th International Conference on Renewable Energy: Generation and Application, ICREGA 2018","10.1109/ICREGA.2018.8337574","https://www.scopus.com/inward/record.uri?eid=2-s2.0-85050489100&doi=10.1109%2fICREGA.2018.8337574&partnerID=40&md5=af85f01c33af8d45998c8a4ff0b92132","Conference paper","Final","","Scopus"
"Amir A.; Farach M.; Galil Z.; Giancarlo R.; Park K.","Amir, Amihood (7101783033); Farach, Martin (6603022284); Galil, Zvi (7006123211); Giancarlo, Raffaele (6701744681); Park, Kunsoo (55634915800)","7101783033; 6603022284; 7006123211; 6701744681; 55634915800","Dynamic dictionary matching","Journal of Computer and System Sciences","10.1016/S0022-0000(05)80047-9","https://www.scopus.com/inward/record.uri?eid=2-s2.0-0028516157&doi=10.1016%2fS0022-0000%2805%2980047-9&partnerID=40&md5=c292fa3e07b65970b8610a78739efc89","Article","Final","","Scopus"
"Giancarlo R.; Sciortino M.","Giancarlo, Raffaele (6701744681); Sciortino, Marinella (6602723375)","6701744681; 6602723375","Optimal partitions of strings: A new class of Burrows-Wheeler compression algorithms","Lecture Notes in Computer Science (including subseries Lecture Notes in Artificial Intelligence and Lecture Notes in Bioinformatics)","10.1007/3-540-44888-8_10","https://www.scopus.com/inward/record.uri?eid=2-s2.0-35248819207&doi=10.1007%2f3-540-44888-8_10&partnerID=40&md5=b607f99e78a8117f4882a75ca2db6959","Article","Final","","Scopus"
"Giancarlo R.; Utro F.","Giancarlo, Raffaele (6701744681); Utro, Filippo (23098849400)","6701744681; 23098849400","Stability-based model selection for high throughput genomic data: An algorithmic paradigm","Lecture Notes in Computer Science (including subseries Lecture Notes in Artificial Intelligence and Lecture Notes in Bioinformatics)","10.1007/978-3-642-33757-4_20","https://www.scopus.com/inward/record.uri?eid=2-s2.0-84866366505&doi=10.1007%2f978-3-642-33757-4_20&partnerID=40&md5=afcd50d672e8bbff53a935857c02029b","Conference paper","Final","","Scopus"
"Giancarlo R.","Giancarlo, Raffaele (6701744681)","6701744681","Algorithmics for the life sciences","The Power of Algorithms: Inspiration and Examples in Everyday Life","10.1007/978-3-642-39652-6_7","https://www.scopus.com/inward/record.uri?eid=2-s2.0-84930465173&doi=10.1007%2f978-3-642-39652-6_7&partnerID=40&md5=a3dad0467793ca4b9e88b3a7ec7ca9f0","Book chapter","Final","","Scopus"
"Ferraro Petrillo U.; Palini F.; Cattaneo G.; Giancarlo R.","Ferraro Petrillo, Umberto (57202363440); Palini, Francesco (57207457450); Cattaneo, Giuseppe (7103222430); Giancarlo, Raffaele (6701744681)","57202363440; 57207457450; 7103222430; 6701744681","FASTA/Q data compressors for MapReduce-Hadoop genomics: space and time savings made easy","BMC Bioinformatics","10.1186/s12859-021-04063-1","https://www.scopus.com/inward/record.uri?eid=2-s2.0-85103086123&doi=10.1186%2fs12859-021-04063-1&partnerID=40&md5=efe78768a97f093dcdd37d171ff7db85","Article","Final","All Open Access; Gold Open Access; Green Open Access","Scopus"
"Buchsbaum A.L.; Giancarlo R.; Westbrook J.R.","Buchsbaum, A.L. (6603936771); Giancarlo, R. (6701744681); Westbrook, J.R. (7005961395)","6603936771; 6701744681; 7005961395","An approximate determinization algorithm for weighted finite-state automata","Algorithmica (New York)","10.1007/s00453-001-0026-6","https://www.scopus.com/inward/record.uri?eid=2-s2.0-0242364706&doi=10.1007%2fs00453-001-0026-6&partnerID=40&md5=efd8fa501fb35aa3ec627afade39dbbe","Article","Final","","Scopus"
"Ferraro Petrillo U.; Palini F.; Cattaneo G.; Giancarlo R.","Ferraro Petrillo, Umberto (57202363440); Palini, Francesco (57207457450); Cattaneo, Giuseppe (7103222430); Giancarlo, Raffaele (6701744681)","57202363440; 57207457450; 7103222430; 6701744681","Alignment-free Genomic Analysis via a Big Data Spark Platform","Bioinformatics","10.1093/bioinformatics/btab014","https://www.scopus.com/inward/record.uri?eid=2-s2.0-85110246929&doi=10.1093%2fbioinformatics%2fbtab014&partnerID=40&md5=566548f3ba3e66ace0646e37b6287e25","Article","Final","All Open Access; Green Open Access","Scopus"
"Giancarlo R.; Grossi R.","Giancarlo, Raffaele (6701744681); Grossi, Roberto (7006460765)","6701744681; 7006460765","Multi-Dimensional Pattern Matching with Dimensional Wildcards: Data Structures and Optimal On-Line Search Algorithms","Journal of Algorithms","10.1006/jagm.1996.0844","https://www.scopus.com/inward/record.uri?eid=2-s2.0-0037962542&doi=10.1006%2fjagm.1996.0844&partnerID=40&md5=22d246a94b88268d0c2781194e0a054d","Article","Final","","Scopus"
"Agarwal P.K.; Akutsu T.; Amihood A.; Apostolico A.; Benham C.; Benson G.; Blanchette M.; El-Mabrouk N.; Gascuel O.; Giancarlo R.; Guigo R.; Hallet M.; Huson D.; Kucherov G.; Lacey M.; Lagergren J.; Lancia G.; Landau G.M.; Lecroq T.; Moret B.; Morishita S.; Mossel E.; Moulton V.; Pachter L.; Reinert K.; Rigoutsos I.; Sagot M.-F.; Sankoff D.; Schbath S.; Segal E.; Semple C.; Setubal J.C.; Sharan R.; Skiena S.; Stoye J.; Ukkonen E.; Vawter L.; Valencia A.; Warnow T.; Wang L.; Casadio R.; Myers G.","Agarwal, Pankaj Kumar (7202300586); Akutsu, Tatsuya (7102080520); Amihood, Amir (7101783033); Apostolico, Alberto (57193048350); Benham, Craig (7005616815); Benson, Gary (35916059000); Blanchette, Mathieu (7004358364); El-Mabrouk, Nadia (6603135886); Gascuel, Olivier (7003870805); Giancarlo, Raffaele (6701744681); Guigo, Roderic (57221993056); Hallet, Michael (57806646300); Huson, Daniel (6604069881); Kucherov, Gregory (6603781888); Lacey, Michelle (11140757300); Lagergren, Jens (7005123897); Lancia, Giuseppe (6701584197); Landau, Gad M. (7003929649); Lecroq, Thierry (6603360470); Moret, Bernard (24352852800); Morishita, Shinichi (7102349168); Mossel, Elchanan (7004554866); Moulton, Vincent (7004300582); Pachter, Lior (7006316240); Reinert, Knut (7005571355); Rigoutsos, Isidore (7004361944); Sagot, Marie-France (6701533535); Sankoff, David (7005157532); Schbath, Sophie (6602457385); Segal, Eran (35485628500); Semple, Charles (57202896053); Setubal, Joao Carlos (6602400333); Sharan, Roded (7005271135); Skiena, Steven (7003825841); Stoye, Jens (7006553911); Ukkonen, Esko (7004477004); Vawter, Lisa (6602888594); Valencia, Alfonso (16308427600); Warnow, Tandy (55109110400); Wang, Lusheng (7409188146); Casadio, Rita (7004943169); Myers, Gene (7201701797)","7202300586; 7102080520; 7101783033; 57193048350; 7005616815; 35916059000; 7004358364; 6603135886; 7003870805; 6701744681; 57221993056; 57806646300; 6604069881; 6603781888; 11140757300; 7005123897; 6701584197; 7003929649; 6603360470; 24352852800; 7102349168; 7004554866; 7004300582; 7006316240; 7005571355; 7004361944; 6701533535; 7005157532; 6602457385; 35485628500; 57202896053; 6602400333; 7005271135; 7003825841; 7006553911; 7004477004; 6602888594; 16308427600; 55109110400; 7409188146; 7004943169; 7201701797","Lecture Notes in Computer Science (including subseries Lecture Notes in Artificial Intelligence and Lecture Notes in Bioinformatics): Preface","Lecture Notes in Computer Science (including subseries Lecture Notes in Artificial Intelligence and Lecture Notes in Bioinformatics)","","https://www.scopus.com/inward/record.uri?eid=2-s2.0-33646172828&partnerID=40&md5=69a8ad23d303bb71f4eb6f1e10988a38","Editorial","Final","","Scopus"
"Giancarlo R.; Rombo S.E.; Utro F.","Giancarlo, Raffaele (6701744681); Rombo, Simona E. (23095770200); Utro, Filippo (23098849400)","6701744681; 23095770200; 23098849400","DNA combinatorial messages and Epigenomics: The case of chromatin organization and nucleosome occupancy in eukaryotic genomes","Theoretical Computer Science","10.1016/j.tcs.2018.06.047","https://www.scopus.com/inward/record.uri?eid=2-s2.0-85049782579&doi=10.1016%2fj.tcs.2018.06.047&partnerID=40&md5=d16fbeda83ea8c0957bc842a1f0fd7f6","Article","Final","All Open Access; Green Open Access","Scopus"
"Giancarlo R.; Scaturro D.; Utro F.","Giancarlo, Raffaele (6701744681); Scaturro, Davide (10139044600); Utro, Filippo (23098849400)","6701744681; 10139044600; 23098849400","Statistical indices for computational and data driven class discovery in microarray data","Biological Data Mining","","https://www.scopus.com/inward/record.uri?eid=2-s2.0-80051699322&partnerID=40&md5=50bb862ee37fe710bfee531a21370071","Book chapter","Final","","Scopus"
"Apostolico A.; Giancarlo R.","Apostolico, Alberto (57193048350); Giancarlo, Raffaele (6701744681)","57193048350; 6701744681","Sequence alignment in molecular biology","Journal of Computational Biology","10.1089/cmb.1998.5.173","https://www.scopus.com/inward/record.uri?eid=2-s2.0-0031903739&doi=10.1089%2fcmb.1998.5.173&partnerID=40&md5=cd448ae0759f5f0e132f3727c655fb9c","Review","Final","All Open Access; Green Open Access","Scopus"
"Buchsbaum A.L.; Giancarlo R.; Westbrook J.R.","Buchsbaum, Adam L. (6603936771); Giancarlo, Raffaele (6701744681); Westbrook, Jeffery R. (7005961395)","6603936771; 6701744681; 7005961395","On finding common neighborhoods in massive graphs","Theoretical Computer Science","10.1016/S0304-3975(02)00569-8","https://www.scopus.com/inward/record.uri?eid=2-s2.0-0037453355&doi=10.1016%2fS0304-3975%2802%2900569-8&partnerID=40&md5=58b4ddbeea8cdd5e5c56aee420fac4e1","Article","Final","All Open Access; Bronze Open Access","Scopus"
"Di Gesú V.; Giancarlo R.; Lo Bosco G.; Raimondi A.; Scaturro D.","Di Gesú, Vito (16229313100); Giancarlo, Raffaele (6701744681); Lo Bosco, Giosué (6508221706); Raimondi, Alessandra (10144900300); Scaturro, Davide (10139044600)","16229313100; 6701744681; 6508221706; 10144900300; 10139044600","GenClust: A genetic algorithm for clustering gene expression data","BMC Bioinformatics","10.1186/1471-2105-6-289","https://www.scopus.com/inward/record.uri?eid=2-s2.0-29244458348&doi=10.1186%2f1471-2105-6-289&partnerID=40&md5=72dc18ba4fe8c938c0fd98316556d049","Article","Final","All Open Access; Gold Open Access; Green Open Access","Scopus"
"Baker B.S.; Giancarlo R.","Baker, Brenda S. (7401449016); Giancarlo, Raffaele (6701744681)","7401449016; 6701744681","Longest common subsequence from fragments via sparse dynamic programming","Lecture Notes in Computer Science (including subseries Lecture Notes in Artificial Intelligence and Lecture Notes in Bioinformatics)","10.1007/3-540-68530-8_7","https://www.scopus.com/inward/record.uri?eid=2-s2.0-84896779841&doi=10.1007%2f3-540-68530-8_7&partnerID=40&md5=4bfcfe4b454aa67d6ac80e629eb9a49f","Conference paper","Final","","Scopus"
"Malchiodi D.; Raimondi D.; Fumagalli G.; Giancarlo R.; Frasca M.","Malchiodi, Dario (57188666059); Raimondi, Davide (57386459700); Fumagalli, Giacomo (57386091600); Giancarlo, Raffaele (6701744681); Frasca, Marco (36835331200)","57188666059; 57386459700; 57386091600; 6701744681; 36835331200","A Critical Analysis of Classifier Selection in Learned Bloom Filters: The Essentials","Communications in Computer and Information Science","10.1007/978-3-031-34204-2_5","https://www.scopus.com/inward/record.uri?eid=2-s2.0-85163987609&doi=10.1007%2f978-3-031-34204-2_5&partnerID=40&md5=fd264bd0e3d004cb98dd78b9a691d149","Conference paper","Final","","Scopus"
"Amato D.; Lo Bosco G.; Giancarlo R.","Amato, Domenico (57215858560); Lo Bosco, Giosue (6508221706); Giancarlo, Raffaele (6701744681)","57215858560; 6508221706; 6701744681","On the Suitability of Neural Networks as Building Blocks for the Design of Efficient Learned Indexes","Communications in Computer and Information Science","10.1007/978-3-031-08223-8_10","https://www.scopus.com/inward/record.uri?eid=2-s2.0-85133016129&doi=10.1007%2f978-3-031-08223-8_10&partnerID=40&md5=27bbaede45e039d08d5a79f54983ce81","Conference paper","Final","All Open Access; Green Open Access","Scopus"
"Giancarlo R.; Grossi R.","Giancarlo, Raffaele (6701744681); Grossi, Roberto (7006460765)","6701744681; 7006460765","Parallel construction and query of index data structures for pattern matching on square Matrices","Journal of Complexity","10.1006/jcom.1998.0496","https://www.scopus.com/inward/record.uri?eid=2-s2.0-0346614683&doi=10.1006%2fjcom.1998.0496&partnerID=40&md5=c12db0dc9a03f13c85a29fcfce54ad2b","Article","Final","All Open Access; Bronze Open Access","Scopus"
"Giancarlo R.; Guaiana D.","Giancarlo, Raffaele (6701744681); Guaiana, Daniela (7801380146)","6701744681; 7801380146","On-line construction of two-dimensional suffix trees","Journal of Complexity","10.1006/jcom.1998.0495","https://www.scopus.com/inward/record.uri?eid=2-s2.0-0346614684&doi=10.1006%2fjcom.1998.0495&partnerID=40&md5=e7dc9e20d0cb3425d3f0035cbae3506a","Article","Final","All Open Access; Bronze Open Access","Scopus"
"Crochemore M.; Giancarlo R.; Sagot M.-F.","Crochemore, Maxime (35576964400); Giancarlo, Raffaele (6701744681); Sagot, Marie-France (6701533535)","35576964400; 6701744681; 6701533535","Longest motifs with a functionally equivalent central block","Lecture Notes in Computer Science (including subseries Lecture Notes in Artificial Intelligence and Lecture Notes in Bioinformatics)","10.1007/978-3-540-30213-1_42","https://www.scopus.com/inward/record.uri?eid=2-s2.0-84871078826&doi=10.1007%2f978-3-540-30213-1_42&partnerID=40&md5=fe579afe963f9dd7c2defe45215a6d40","Conference paper","Final","All Open Access; Green Open Access","Scopus"
"Ferragina P.; Giancarlo R.; Manzini G.","Ferragina, Paolo (57207430236); Giancarlo, Raffaele (6701744681); Manzini, Giovanni (7006881259)","57207430236; 6701744681; 7006881259","The myriad virtues of wavelet trees","Lecture Notes in Computer Science (including subseries Lecture Notes in Artificial Intelligence and Lecture Notes in Bioinformatics)","10.1007/11786986_49","https://www.scopus.com/inward/record.uri?eid=2-s2.0-33746345004&doi=10.1007%2f11786986_49&partnerID=40&md5=8b03a6280072a5d4deae16c92fd3f150","Conference paper","Final","","Scopus"
"Amato D.; Lo Bosco G.; Giancarlo R.","Amato, Domenico (57215858560); Lo Bosco, Giosué (6508221706); Giancarlo, Raffaele (6701744681)","57215858560; 6508221706; 6701744681","Neural networks as building blocks for the design of efficient learned indexes","Neural Computing and Applications","10.1007/s00521-023-08841-1","https://www.scopus.com/inward/record.uri?eid=2-s2.0-85165255924&doi=10.1007%2fs00521-023-08841-1&partnerID=40&md5=d7e32a36e71bab4be1d735d1db30ef72","Article","Final","All Open Access; Green Open Access; Hybrid Gold Open Access","Scopus"
"Giancarlo R.","Giancarlo, Raffaele (6701744681)","6701744681","An index data structure for matrices, with applications to fast two-dimensional pattern matching","Lecture Notes in Computer Science (including subseries Lecture Notes in Artificial Intelligence and Lecture Notes in Bioinformatics)","10.1007/3-540-57155-8_260","https://www.scopus.com/inward/record.uri?eid=2-s2.0-0043015514&doi=10.1007%2f3-540-57155-8_260&partnerID=40&md5=8e4e1c57a878ba350f9c301916267a6a","Conference paper","Final","","Scopus"
"Cattaneo G.; Giancarlo R.; Piotto S.; Petrillo U.F.; Roscigno G.; Di Biasi L.","Cattaneo, Giuseppe (7103222430); Giancarlo, Raffaele (6701744681); Piotto, Stefano (6603160664); Petrillo, Umberto Ferraro (57202363440); Roscigno, Gianluca (56165362000); Di Biasi, Luigi (57188978927)","7103222430; 6701744681; 6603160664; 57202363440; 56165362000; 57188978927","Mapreduce in computational biology - A synopsis","Communications in Computer and Information Science","10.1007/978-3-319-57711-1_5","https://www.scopus.com/inward/record.uri?eid=2-s2.0-85018673639&doi=10.1007%2f978-3-319-57711-1_5&partnerID=40&md5=fba78c1ef4f1ab7c93516635122913ee","Conference paper","Final","All Open Access; Green Open Access","Scopus"
"Giancarlo R.; Utro F.","Giancarlo, Raffaele (6701744681); Utro, Filippo (23098849400)","6701744681; 23098849400","Speeding up the Consensus Clustering methodology for microarray data analysis","Algorithms for Molecular Biology","10.1186/1748-7188-6-1","https://www.scopus.com/inward/record.uri?eid=2-s2.0-78651336872&doi=10.1186%2f1748-7188-6-1&partnerID=40&md5=9e4c4d9ded7d9309e48edb714c0e8b62","Article","Final","All Open Access; Gold Open Access; Green Open Access","Scopus"
"Rombo S.E.; Utro F.; Giancarlo R.","Rombo, Simona E. (23095770200); Utro, Filippo (23098849400); Giancarlo, Raffaele (6701744681)","23095770200; 23098849400; 6701744681","Basic statistical indices for SeqAn","Biological Sequence Analysis Using the SeqAn C++ Library","","https://www.scopus.com/inward/record.uri?eid=2-s2.0-85056049177&partnerID=40&md5=d260d19a48d639eb6186946e4c44fe09","Book chapter","Final","","Scopus"
"Utro F.; Di Benedetto V.; Corona D.F.V.; Giancarlo R.","Utro, Filippo (23098849400); Di Benedetto, Valeria (43761039200); Corona, Davide F.V. (7003644087); Giancarlo, Raffaele (6701744681)","23098849400; 43761039200; 7003644087; 6701744681","The intrinsic combinatorial organization and information theoretic content of a sequence are correlated to the DNA encoded nucleosome organization of eukaryotic genomes","Bioinformatics","10.1093/bioinformatics/btv679","https://www.scopus.com/inward/record.uri?eid=2-s2.0-84962157611&doi=10.1093%2fbioinformatics%2fbtv679&partnerID=40&md5=f90dc7d1c37a09edfbc8bd9d5bf5713a","Article","Final","All Open Access; Bronze Open Access","Scopus"
"Bonomo M.; Giancarlo R.; Greco D.; Rombo S.E.","Bonomo, Mariella (57215293166); Giancarlo, Raffaele (6701744681); Greco, Daniele (57219032635); Rombo, Simona E. (23095770200)","57215293166; 6701744681; 57219032635; 23095770200","Topological ranks reveal functional knowledge encoded in biological networks: a comparative analysis","Briefings in Bioinformatics","10.1093/bib/bbac101","https://www.scopus.com/inward/record.uri?eid=2-s2.0-85130766866&doi=10.1093%2fbib%2fbbac101&partnerID=40&md5=65c0cdbce14ddec5a904538ff62d8bf0","Review","Final","","Scopus"
"Ferragina P.; Giancarlo R.; Manzini G.","Ferragina, Paolo (57207430236); Giancarlo, Raffaele (6701744681); Manzini, Giovanni (7006881259)","57207430236; 6701744681; 7006881259","The engineering of a compression boosting library: Theory vs practice in BWT compression","Lecture Notes in Computer Science (including subseries Lecture Notes in Artificial Intelligence and Lecture Notes in Bioinformatics)","10.1007/11841036_67","https://www.scopus.com/inward/record.uri?eid=2-s2.0-33750716855&doi=10.1007%2f11841036_67&partnerID=40&md5=032c47349d0655b6832afbbf285b8eba","Conference paper","Final","","Scopus"
"Ferragina P.; Giancarlo R.; Manzini G.; Sciortino M.","Ferragina, Paolo (57207430236); Giancarlo, Raffaele (6701744681); Manzini, Giovanni (7006881259); Sciortino, Marinella (6602723375)","57207430236; 6701744681; 7006881259; 6602723375","Boosting textual compression in optimal linear time","Journal of the ACM","10.1145/1082036.1082043","https://www.scopus.com/inward/record.uri?eid=2-s2.0-30544455566&doi=10.1145%2f1082036.1082043&partnerID=40&md5=3e1010188d2e884f7f47e2b8e1323b84","Article","Final","","Scopus"
"Baker B.S.; Giancarlo R.","Baker, Brenda S. (7401449016); Giancarlo, Raffaele (6701744681)","7401449016; 6701744681","Sparse dynamic programming for longest common subsequence from fragments","Journal of Algorithms","10.1006/jagm.2002.1214","https://www.scopus.com/inward/record.uri?eid=2-s2.0-0036488707&doi=10.1006%2fjagm.2002.1214&partnerID=40&md5=7a59f75138c2a884e32a73b8a92d6c9e","Article","Final","","Scopus"
"Giancarlo R.; Scaturro D.; Utro F.","Giancarlo, Raffaele (6701744681); Scaturro, Davide (10139044600); Utro, Filippo (23098849400)","6701744681; 10139044600; 23098849400","Computational cluster validation for microarray data analysis: Experimental assessment of Clest, Consensus Clustering, Figure of Merit, Gap Statistics and Model Explorer","BMC Bioinformatics","10.1186/1471-2105-9-462","https://www.scopus.com/inward/record.uri?eid=2-s2.0-62849090487&doi=10.1186%2f1471-2105-9-462&partnerID=40&md5=911f8a740591c6bd4f2c61aa2361c174","Article","Final","All Open Access; Gold Open Access; Green Open Access","Scopus"
"Giancarlo R.; Manzini G.","Giancarlo, Raffaele (6701744681); Manzini, Giovanni (7006881259)","6701744681; 7006881259","Lecture Notes in Computer Science (including subseries Lecture Notes in Artificial Intelligence and Lecture Notes in Bioinformatics): Preface","Lecture Notes in Computer Science (including subseries Lecture Notes in Artificial Intelligence and Lecture Notes in Bioinformatics)","10.1007/978-3-642-21458-5","https://www.scopus.com/inward/record.uri?eid=2-s2.0-79960088739&doi=10.1007%2f978-3-642-21458-5&partnerID=40&md5=c96c96aa698b82b16b93d71cda2c4460","Editorial","Final","All Open Access; Green Open Access","Scopus"
"Ferragina P.; Giancarlo R.; Greco V.; Manzini G.; Valiente G.","Ferragina, Paolo (57207430236); Giancarlo, Raffaele (6701744681); Greco, Valentina (7005048715); Manzini, Giovanni (7006881259); Valiente, Gabriel (8234314900)","57207430236; 6701744681; 7005048715; 7006881259; 8234314900","Compression-based classification of biological sequences and structures via the Universal Similarity Metric: Experimental assessment","BMC Bioinformatics","10.1186/1471-2105-8-252","https://www.scopus.com/inward/record.uri?eid=2-s2.0-34547753523&doi=10.1186%2f1471-2105-8-252&partnerID=40&md5=2aa83e94cc759cae38896986df6f07e8","Article","Final","All Open Access; Gold Open Access; Green Open Access","Scopus"
"Giancarlo R.; Grossi R.","Giancarlo, Raffaele (6701744681); Grossi, Roberto (7006460765)","6701744681; 7006460765","Parallel construction and query of suffix trees for two-dimensional matrices","Proceedings of the 5th Annual ACM Symposium on Parallel Algorithms and Architectures, SPAA 1993","10.1145/165231.165243","https://www.scopus.com/inward/record.uri?eid=2-s2.0-0038299693&doi=10.1145%2f165231.165243&partnerID=40&md5=96bb10ba91e2a2ba2c88d74245e319ad","Conference paper","Final","","Scopus"
"Giancarlo R.; Guaiana D.","Giancarlo, Raffaele (6701744681); Guaiana, Daniela (7801380146)","6701744681; 7801380146","On-line construction of two-dimensional suffix trees","Lecture Notes in Computer Science (including subseries Lecture Notes in Artificial Intelligence and Lecture Notes in Bioinformatics)","10.1007/3-540-63397-9_17","https://www.scopus.com/inward/record.uri?eid=2-s2.0-84949208816&doi=10.1007%2f3-540-63397-9_17&partnerID=40&md5=611a4ad234b7037077238064d12b5190","Conference paper","Final","","Scopus"
"Buchsbaum A.L.; Giancarlo R.; Westbrook J.R.","Buchsbaum, Adam L. (6603936771); Giancarlo, Raffaele (6701744681); Westbrook, Jeffery R. (7005961395)","6603936771; 6701744681; 7005961395","On the determinization of weighted finite automata","SIAM Journal on Computing","10.1137/S0097539798346676","https://www.scopus.com/inward/record.uri?eid=2-s2.0-0035187980&doi=10.1137%2fS0097539798346676&partnerID=40&md5=be6e55d21af342bea18999b730592b0f","Article","Final","","Scopus"
"Apostolico A.; Giancarlo R.; Guerra C.; Lancia G.","Apostolico, Alberto (57193048350); Giancarlo, Raffaele (6701744681); Guerra, Concettina (7004786347); Lancia, Giuseppe (6701584197)","57193048350; 6701744681; 7004786347; 6701584197","Articles selected from posters presented at the Tenth Annual International Conference on Research in Computational Biology - Preface","BMC Bioinformatics","10.1186/1471-2105-8-S5-S1","https://www.scopus.com/inward/record.uri?eid=2-s2.0-45149118490&doi=10.1186%2f1471-2105-8-S5-S1&partnerID=40&md5=46004373994139a853722545481db62c","Editorial","Final","All Open Access; Gold Open Access; Green Open Access","Scopus"
"Giancarlo R.; Lo Bosco G.; Pinello L.; Utro F.","Giancarlo, Raffaele (6701744681); Lo Bosco, Giosue (6508221706); Pinello, Luca (23393754100); Utro, Filippo (23098849400)","6701744681; 6508221706; 23393754100; 23098849400","The three steps of clustering in the post-genomic Era","Biological Knowledge Discovery Handbook: Preprocessing, Mining and Postprocessing of Biological Data","10.1002/9781118617151.ch22","https://www.scopus.com/inward/record.uri?eid=2-s2.0-85101458289&doi=10.1002%2f9781118617151.ch22&partnerID=40&md5=628d0f6c65620090fcc4f2ccf96c1f4a","Book chapter","Final","","Scopus"
"Apostolico A.; Giancarlo R.","Apostolico, Alberto (57193048350); Giancarlo, Raffaele (6701744681)","57193048350; 6701744681","Periodicity and Repetitions in Parameterized Strings","Electronic Notes in Discrete Mathematics","10.1016/j.endm.2005.07.030","https://www.scopus.com/inward/record.uri?eid=2-s2.0-34247228043&doi=10.1016%2fj.endm.2005.07.030&partnerID=40&md5=95ecb4a1c0be740c8ea298b1b4137f18","Article","Final","","Scopus"
"Apostolico A.; Giancarlo R.","Apostolico, Alberto (57193048350); Giancarlo, Raffaele (6701744681)","57193048350; 6701744681","Periodicity and repetitions in parameterized strings","Discrete Applied Mathematics","10.1016/j.dam.2006.11.017","https://www.scopus.com/inward/record.uri?eid=2-s2.0-41549151130&doi=10.1016%2fj.dam.2006.11.017&partnerID=40&md5=cef17dc1fbf0ba1d3ba8778d22a5de4e","Article","Final","","Scopus"
"Giancarlo R.; Hannenhalli S.","Giancarlo, Raffaele (6701744681); Hannenhalli, Sridhar (6603889650)","6701744681; 6603889650","Guest editors' introduction to the special section on algorithms in bioinformatics (WABI '07)","IEEE/ACM Transactions on Computational Biology and Bioinformatics","10.1109/TCBB.2008.116","https://www.scopus.com/inward/record.uri?eid=2-s2.0-55949087096&doi=10.1109%2fTCBB.2008.116&partnerID=40&md5=c389cac02e2acc06b46567f1eb2a1f28","Editorial","Final","","Scopus"
"Giancarlo R.; Manzini G.; Restivo A.; Rosone G.; Sciortino M.","Giancarlo, Raffaele (6701744681); Manzini, Giovanni (7006881259); Restivo, Antonio (7004102790); Rosone, Giovanna (6507452804); Sciortino, Marinella (6602723375)","6701744681; 7006881259; 7004102790; 6507452804; 6602723375","Block Sorting-Based Transformations on Words: Beyond the Magic BWT","Lecture Notes in Computer Science (including subseries Lecture Notes in Artificial Intelligence and Lecture Notes in Bioinformatics)","10.1007/978-3-319-98654-8_1","https://www.scopus.com/inward/record.uri?eid=2-s2.0-85053889837&doi=10.1007%2f978-3-319-98654-8_1&partnerID=40&md5=d11d56cae380f79b2ba2c063899222ef","Conference paper","Final","All Open Access; Green Open Access","Scopus"
"Giancarlo R.; Manzini G.; Rosone G.; Sciortino M.","Giancarlo, Raffaele (6701744681); Manzini, Giovanni (7006881259); Rosone, Giovanna (6507452804); Sciortino, Marinella (6602723375)","6701744681; 7006881259; 6507452804; 6602723375","A new class of searchable and provably highly compressible string transformations","Leibniz International Proceedings in Informatics, LIPIcs","10.4230/LIPIcs.CPM.2019.12","https://www.scopus.com/inward/record.uri?eid=2-s2.0-85068025041&doi=10.4230%2fLIPIcs.CPM.2019.12&partnerID=40&md5=a6fbba644bc1883b02eebee95089f3ac","Conference paper","Final","","Scopus"
"Buchsbaum A.L.; Giancarlo R.; Westbrook J.R.","Buchsbaum, Adam L. (6603936771); Giancarlo, Rufaele (6701744681); Westbrook, Jefsery R. (7005961395)","6603936771; 6701744681; 7005961395","Shrinking language models by robust approximation","ICASSP, IEEE International Conference on Acoustics, Speech and Signal Processing - Proceedings","10.1109/ICASSP.1998.675357","https://www.scopus.com/inward/record.uri?eid=2-s2.0-0006648114&doi=10.1109%2fICASSP.1998.675357&partnerID=40&md5=e8867d7c4fcb886621b100c8519740de","Conference paper","Final","","Scopus"
"Giancarlo R.; Lonardi S.","Giancarlo, Raffaele (6701744681); Lonardi, Stefano (7003773948)","6701744681; 7003773948","Foreword: Special issue in honor of the 60th Birthday of Professor Alberto Apostolico. Work is for people who do not know how to: SAIL - String Algorithms, Information and Learning","Theoretical Computer Science","10.1016/j.tcs.2008.01.016","https://www.scopus.com/inward/record.uri?eid=2-s2.0-45749158949&doi=10.1016%2fj.tcs.2008.01.016&partnerID=40&md5=963557cfbe037543d4a1e234da1f8ab6","Editorial","Final","All Open Access; Bronze Open Access","Scopus"
"Buchsbaum A.L.; Giancarlo R.; Westbrook J.R.","Buchsbaum, Adam L. (6603936771); Giancarlo, Raffaele (6701744681); Westbrook, Jeffery R. (7005961395)","6603936771; 6701744681; 7005961395","On the determinization of weighted finite automata","Lecture Notes in Computer Science (including subseries Lecture Notes in Artificial Intelligence and Lecture Notes in Bioinformatics)","10.1007/bfb0055077","https://www.scopus.com/inward/record.uri?eid=2-s2.0-84878580983&doi=10.1007%2fbfb0055077&partnerID=40&md5=f4f8f210e0659614fcb81aede165d84c","Conference paper","Final","","Scopus"
"Giancarlo R.; Rombo S.E.; Utro F.","Giancarlo, Raffaele (6701744681); Rombo, Simona E. (23095770200); Utro, Filippo (23098849400)","6701744681; 23095770200; 23098849400","Epigenomic k-mer dictionaries: Shedding light on how sequence composition influences in vivo nucleosome positioning","Bioinformatics","10.1093/bioinformatics/btv295","https://www.scopus.com/inward/record.uri?eid=2-s2.0-84941759722&doi=10.1093%2fbioinformatics%2fbtv295&partnerID=40&md5=df87122b983caad464960f6f2a3e9e0f","Article","Final","All Open Access; Bronze Open Access","Scopus"
"Giancarlo R.; Scaturro D.; Utro F.","Giancarlo, R. (6701744681); Scaturro, D. (10139044600); Utro, F. (23098849400)","6701744681; 10139044600; 23098849400","ValWorkBench: An open source Java library for cluster validation, with applications to microarray data analysis","Computer Methods and Programs in Biomedicine","10.1016/j.cmpb.2014.12.004","https://www.scopus.com/inward/record.uri?eid=2-s2.0-84922445754&doi=10.1016%2fj.cmpb.2014.12.004&partnerID=40&md5=baeec25c483a07d8c0233692b70803db","Article","Final","","Scopus"
"Buchsbaum A.L.; Giancarlo R.","Buchsbaum, Adam L. (6603936771); Giancarlo, Raffaele (6701744681)","6603936771; 6701744681","Algorithmic aspects of speech recognition: A synopsis","Lecture Notes in Computer Science (including subseries Lecture Notes in Artificial Intelligence and Lecture Notes in Bioinformatics)","10.1007/3-540-45123-4_4","https://www.scopus.com/inward/record.uri?eid=2-s2.0-84937398989&doi=10.1007%2f3-540-45123-4_4&partnerID=40&md5=8732de532045ce8e41838b4bdaa54899","Conference paper","Final","","Scopus"
"Capocelli R.M.; Giancarlo R.; Taneja I.J.","Capocelli, R.M. (7003695412); Giancarlo, R. (6701744681); Taneja, I.J. (35578569800)","7003695412; 6701744681; 35578569800","Bounds on the Redundancy of Huffman Codes","IEEE Transactions on Information Theory","10.1109/TIT.1986.1057239","https://www.scopus.com/inward/record.uri?eid=2-s2.0-0022807080&doi=10.1109%2fTIT.1986.1057239&partnerID=40&md5=43790c9699aff76784ca56945dfeeea9","Article","Final","","Scopus"
"Rytter W.; Giancarlo R.","Rytter, Wojciech (7006298721); Giancarlo, Raffaele (6701744681)","7006298721; 6701744681","Optimal parallel parsing of bracket languages","Lecture Notes in Computer Science (including subseries Lecture Notes in Artificial Intelligence and Lecture Notes in Bioinformatics)","10.1007/3-540-18099-0_40","https://www.scopus.com/inward/record.uri?eid=2-s2.0-85034857957&doi=10.1007%2f3-540-18099-0_40&partnerID=40&md5=514f8136e3d934a87b8e12b744474191","Conference paper","Final","All Open Access; Green Open Access","Scopus"
"Giancarlo Raffaele","Giancarlo, Raffaele (6701744681)","6701744681","Suffix of a square matrix, with applications","Proceedings of the Fourth Annual ACM-SIAM Symposium on Discrete Algorithms","","https://www.scopus.com/inward/record.uri?eid=2-s2.0-0027222350&partnerID=40&md5=8ba9194589bd5fd26b272a50b591ac21","Conference paper","Final","","Scopus"
"Apostolico A.; Giancarlo R.","Apostolico, A. (57193048350); Giancarlo, R. (6701744681)","57193048350; 6701744681","Pattern Matching Machine implementation of a fast test for unique decipherability","Information Processing Letters","10.1016/0020-0190(84)90020-6","https://www.scopus.com/inward/record.uri?eid=2-s2.0-0001570398&doi=10.1016%2f0020-0190%2884%2990020-6&partnerID=40&md5=2a0ecda6c1b449354b28578f7ae8139e","Article","Final","","Scopus"
"Chodosh P.L.; Giancarlo H.R.; Goldstein J.","Chodosh, Paul L. (6602376935); Giancarlo, Hector R. (6603477286); Goldstein, Jerome (56538846400)","6602376935; 6603477286; 56538846400","Pharyngeal myotomy for vocal rehabilitation postlaryngectomy","Laryngoscope","10.1002/lary.5540940113","https://www.scopus.com/inward/record.uri?eid=2-s2.0-0021334246&doi=10.1002%2flary.5540940113&partnerID=40&md5=27357b4bc68a0c1f4814bdd755601e81","Article","Final","","Scopus"
"Galil Z.; Giancarlo R.","Galil, Zvi (7006123211); Giancarlo, Raffaele (6701744681)","7006123211; 6701744681","Speeding up dynamic programming with applications to molecular biology","Theoretical Computer Science","10.1016/0304-3975(89)90101-1","https://www.scopus.com/inward/record.uri?eid=2-s2.0-0024641218&doi=10.1016%2f0304-3975%2889%2990101-1&partnerID=40&md5=81cc43cd0b3cef89271e88108c3e0ea6","Article","Final","All Open Access; Green Open Access","Scopus"
"Galil Zvi; Giancarlo Raffaele","Galil, Zvi (7006123211); Giancarlo, Raffaele (6701744681)","7006123211; 6701744681","On the exact complexity of string matching. Lower bounds","SIAM Journal on Computing","10.1137/0220063","https://www.scopus.com/inward/record.uri?eid=2-s2.0-0026368175&doi=10.1137%2f0220063&partnerID=40&md5=02a495e4c0e1fd9aef526ef2a15aeedf","Article","Final","","Scopus"
"Eppstein D.; Galil Z.; Giancarlo R.; Italiano G.F.","Eppstein, David (7004324907); Galil, Zvi (7006123211); Giancarlo, Raffaele (6701744681); Italiano, Giuseppe F. (7004285725)","7004324907; 7006123211; 6701744681; 7004285725","Sparse Dynamic Programming II: Convex and Concave Cost Functions","Journal of the ACM (JACM)","10.1145/146637.146656","https://www.scopus.com/inward/record.uri?eid=2-s2.0-0026886016&doi=10.1145%2f146637.146656&partnerID=40&md5=13a3a844f7db1a5a1582682f729f06b0","Article","Final","All Open Access; Bronze Open Access","Scopus"
"Eppstein D.; Galil Z.; Giancarlo R.; Italiano G.F.","Eppstein, David (7004324907); Galil, Zvi (7006123211); Giancarlo, Raffaele (6701744681); Italiano, Giuseppe F. (7004285725)","7004324907; 7006123211; 6701744681; 7004285725","Sparse Dynamic Programming I: Linear Cost Functions","Journal of the ACM (JACM)","10.1145/146637.146650","https://www.scopus.com/inward/record.uri?eid=2-s2.0-0026888975&doi=10.1145%2f146637.146650&partnerID=40&md5=6fe57892316500e4e12a639502730093","Article","Final","All Open Access; Bronze Open Access","Scopus"
"Galil Z.; Giancarlo R.","Galil, Z (7006123211); Giancarlo, R (6701744681)","7006123211; 6701744681","Data structures and algorithms for approximate string matching","Journal of Complexity","10.1016/0885-064X(88)90008-8","https://www.scopus.com/inward/record.uri?eid=2-s2.0-0012743030&doi=10.1016%2f0885-064X%2888%2990008-8&partnerID=40&md5=6b21bd690bc0d4213147e6f217658846","Article","Final","","Scopus"
"Giancarlo H.R.; Mattucci K.F.","Giancarlo, Hector R. (6603477286); Mattucci, Kenneth F. (7004379153)","6603477286; 7004379153","Effect of ultrasonic hypophysectomy on diabetic retinopathy","Laryngoscope","10.1288/00005537-197103000-00016","https://www.scopus.com/inward/record.uri?eid=2-s2.0-0015023285&doi=10.1288%2f00005537-197103000-00016&partnerID=40&md5=68bc8c24ba468dfc0435125745ddba41","Article","Final","","Scopus"
"Colussi Livio; Galil Zvi; Giancarlo Raffaele","Colussi, Livio (6602857496); Galil, Zvi (7006123211); Giancarlo, Raffaele (6701744681)","6602857496; 7006123211; 6701744681","On the exact complexity of string matching","IEEE Transactions on Industry Applications","","https://www.scopus.com/inward/record.uri?eid=2-s2.0-0025841459&partnerID=40&md5=4afd46012af680a3ac426089dde3a29b","Article","Final","","Scopus"
"Rytter W.; Giancarlo R.","Rytter, Wojciech (7006298721); Giancarlo, Raffaele (6701744681)","7006298721; 6701744681","Optimal parallel parsing of bracket languages","Theoretical Computer Science","10.1016/0304-3975(87)90070-3","https://www.scopus.com/inward/record.uri?eid=2-s2.0-0023598724&doi=10.1016%2f0304-3975%2887%2990070-3&partnerID=40&md5=f34faadd0b2c65146e620130da398706","Article","Final","All Open Access; Green Open Access","Scopus"
"Galil Z.; Giancarlo R.","Galil, Zvi (7006123211); Giancarlo, Raffaele (6701744681)","7006123211; 6701744681","Parallel string matching with k mismatches","Theoretical Computer Science","10.1016/0304-3975(87)90042-9","https://www.scopus.com/inward/record.uri?eid=2-s2.0-0023501737&doi=10.1016%2f0304-3975%2887%2990042-9&partnerID=40&md5=879fc98cb0827c043f40161d0b00dc38","Article","Final","","Scopus"
"Capocelli R.M.; Giancarlo R.","Capocelli, R.M. (7003695412); Giancarlo, R. (6701744681)","7003695412; 6701744681","Transaction Briefs Efficient VLSI Networks for Converting an Integer from Binary System to Residue Number System and Vice Versa","IEEE Transactions on Circuits and Systems","10.1109/31.14466","https://www.scopus.com/inward/record.uri?eid=2-s2.0-0024104042&doi=10.1109%2f31.14466&partnerID=40&md5=e12837539b2c7c7e685f8a5b2d5ec985","Article","Final","","Scopus"
"Giancarlo H.R.; Mattucci K.F.","Giancarlo, Hector R. (6603477286); Mattucci, Kenneth F. (7004379153)","6603477286; 7004379153","Facial Palsy: Facial Nerve Decompression","Archives of Otolaryngology","10.1001/archotol.1970.00770040056008","https://www.scopus.com/inward/record.uri?eid=2-s2.0-0014707861&doi=10.1001%2farchotol.1970.00770040056008&partnerID=40&md5=50e5f9f6143d165bf852921b736be923","Article","Final","","Scopus"
"Eppstein D.; Galil Z.; Giancarlo R.; Italiano G.F.","Eppstein, David (7004324907); Galil, Zvi (7006123211); Giancarlo, Raffaele (6701744681); Italiano, Giuseppe F. (7004285725)","7004324907; 7006123211; 6701744681; 7004285725","Sparse dynamic programming","Proceedings of the Annual ACM-SIAM Symposium on Discrete Algorithms","","https://www.scopus.com/inward/record.uri?eid=2-s2.0-77957258921&partnerID=40&md5=b43ae417bfcb6afe36abbe6a25e07341","Conference paper","Final","","Scopus"
"Apostolico Alberto; Giancarlo Raffaele","Apostolico, Alberto (57193048350); Giancarlo, Raffaele (6701744681)","57193048350; 6701744681","BOYER-MOORE-GALIL STRING SEARCHING STRATEGIES REVISITED.","SIAM Journal on Computing","10.1137/0215007","https://www.scopus.com/inward/record.uri?eid=2-s2.0-0022663527&doi=10.1137%2f0215007&partnerID=40&md5=5ea31e843f5afbc6d821b96eaebee0fb","Article","Final","All Open Access; Green Open Access","Scopus"
"Eppstein David; Galil Zvi; Giancarlo Raffaele","Eppstein, David (7004324907); Galil, Zvi (7006123211); Giancarlo, Raffaele (6701744681)","7004324907; 7006123211; 6701744681","Speeding up dynamic programming","Annual Symposium on Foundations of Computer Science (Proceedings)","10.1109/sfcs.1988.21965","https://www.scopus.com/inward/record.uri?eid=2-s2.0-0024140064&doi=10.1109%2fsfcs.1988.21965&partnerID=40&md5=ce5b4c7fb06b94f4a0fe3d3a29bf686b","Conference paper","Final","All Open Access; Green Open Access","Scopus"
"Giancarlo H.R.","Giancarlo, Hector R. (6603477286)","6603477286","The surgical use of ultrasound in otolaryngology","Laryngoscope","10.1288/00005537-197402000-00001","https://www.scopus.com/inward/record.uri?eid=2-s2.0-0016029877&doi=10.1288%2f00005537-197402000-00001&partnerID=40&md5=7ee1ef8ef9a2ab6a2261db71165cdbbe","Article","Final","","Scopus"
"GIANCARLO R.","GIANCARLO, R. (35529099100)","35529099100","Comparative pharmacologic research on ethylic urethane and cyclohexylic urethane.; [Ricerche farmacologiche comparate sull'uretano etilico e sull'uretano cicloesilico.]","Archivio di farmacologia sperimentale e scienze affini","","https://www.scopus.com/inward/record.uri?eid=2-s2.0-77049211267&partnerID=40&md5=b11e3f65fc0d8d2735b2aa3cb7f7ed1d","Article","Final","","Scopus"
"Apostolico Alberto; Giancarlo Raffaele","Apostolico, Alberto (57193048350); Giancarlo, Raffaele (6701744681)","57193048350; 6701744681","ELABORATING ON THE BOYER-MOORE-GALIL STRING SEARCHING STRATEGIES.","Proceedings - Annual Allerton Conference on Communication, Control, and Computing","","https://www.scopus.com/inward/record.uri?eid=2-s2.0-0020227934&partnerID=40&md5=495b5221eb5de733d9bd2f0ac48b7d63","Conference paper","Final","","Scopus"
